{"cameraMode":{"drawMode":0,"name":"Shaded","section":"Shading Mode"},"sceneLighting":false,"audioPlay":false,"sceneViewState":{"m_AlwaysRefresh":false,"showFog":true,"showSkybox":false,"showFlares":true,"showImageEffects":true,"showParticleSystems":true,"showVisualEffectGraphs":true,"m_FxEnabled":true},"in2DMode":false,"pivot":{"x":-0.013089179992675782,"y":2.0250000953674318,"z":-4.688900947570801},"rotation":{"x":-0.019597534090280534,"y":-0.7322158813476563,"z":-0.021085476502776147,"w":0.6804764270782471},"size":1.6177221536636353,"orthographic":false}