{"cameraMode":{"drawMode":0,"name":"Shaded","section":"Shading Mode"},"sceneLighting":false,"audioPlay":false,"sceneViewState":{"m_AlwaysRefresh":false,"showFog":true,"showSkybox":false,"showFlares":true,"showImageEffects":true,"showParticleSystems":true,"showVisualEffectGraphs":true,"m_FxEnabled":true},"in2DMode":false,"pivot":{"x":-0.02649950049817562,"y":0.37624889612197878,"z":0.2996313273906708},"rotation":{"x":-0.01582249067723751,"y":-0.6439504027366638,"z":-0.013484837487339974,"w":0.7647852301597595},"size":0.8333472609519959,"orthographic":false}