{"cameraMode":{"drawMode":0,"name":"Shaded","section":"Shading Mode"},"sceneLighting":false,"audioPlay":false,"sceneViewState":{"m_AlwaysRefresh":false,"showFog":true,"showSkybox":false,"showFlares":true,"showImageEffects":true,"showParticleSystems":true,"showVisualEffectGraphs":true,"m_FxEnabled":true},"in2DMode":false,"pivot":{"x":-0.1858280450105667,"y":1.0703765153884888,"z":-2.4905059337615969},"rotation":{"x":0.05667300894856453,"y":-0.10165717452764511,"z":0.00580113148316741,"w":0.9931902885437012},"size":0.1315682828426361,"orthographic":false}